[
    {
        "name":"Power Banks",
        "label":"Power Banks",
        "configuration":
                [  {
                    "name":"Capacity",
                    "label":"Capacity",
                    "value":"Capacity",
                    "selectedValue":"",
                    "options":[
                        {
                            "name":"",
                            "label":"",
                            "value":"select"
                        },
                        {
                            "name":"0-4999 mAh",
                            "label":"0-4999 mAh",
                            "value":"0-4999 mAh"
                        },
                        {
                            "name":"5000-9999 mAh",
                            "label":"5000-9999 mAh",
                            "value":"5000-9999 mAh"
                        },
                        {
                            "name":"10000-12999 mAh",
                            "label":"10000-12999 mAh",
                            "value":"10000-12999 mAh"
                        }
                    ]
                    },
                    {
                        "name":"Connecters Type",
                        "label":"Connecters Type",
                        "value":"Connecters Type",
                        "selectedValue":"",
                        "options":[
                            {
                                "name":"",
                                "label":"",
                                "value":"select"
                            },
                            {
                                "name":"DC Power Jack",
                                "label":"DC Power Jack",
                                "value":"DC Power Jack"
                            },
                            {
                                "name":"Micro",
                                "label":"Micro",
                                "value":"Micro"
                            },
                            {
                                "name":"Mini",
                                "label":"Mini",
                                "value":"Mini"
                            },
                            {
                                "name":"Type-C",
                                "label":"Type-C",
                                "value":"Type-C"
                            }
                        ]
                    },
                    {
                        "name":"Brand",
                        "label":"Brand",
                        "value":"Brand",
                        "selectedValue":"",
                        "options":[
                            {
                                "name":"",
                                "label":"",
                                "value":"select"
                            },
                            {
                                "name":"Mi",
                                "label":"Mi",
                                "value":"Mi"
                            },
                            {
                                "name":"Ambrane",
                                "label":"Ambrane",
                                "value":"Ambrane"
                            },
                            {
                                "name":"PHILIPS",
                                "label":"PHILIPS",
                                "value":"PHILIPS"
                            },
                            {
                                "name":"ZEBRONICS",
                                "label":"ZEBRONICS",
                                "value":"ZEBRONICS"
                            }
                        ]
                    },
                    {
                        "name":"Color",
                        "label":"Color",
                        "value":"Color",
                        "selectedValue":"",
                        "options":[
                            {
                                "name":"",
                                "label":"",
                                "value":"select"
                            },
                            {
                                "name":"Black",
                                "label":"Black",
                                "value":"Black"
                            },
                            {
                                "name":"Blue",
                                "label":"Blue",
                                "value":"Blue"
                            },
                            {
                                "name":"Brown",
                                "label":"Brown",
                                "value":"Brown"
                            }
                        ]
                    }
                ]    

    },
    {
        "name":"Cases & Covers",
        "label":"Cases & Covers",
        "configuration":
                [  {
                    "name":"Brand",
                    "label":"Brand",
                    "value":"Brand",
                    "selectedValue":"",
                    "options":[
                        {
                            "name":"",
                            "label":"",
                            "value":"select"
                        },
                        {
                            "name":"Spigen",
                            "label":"Spigen",
                            "value":"Spigen"
                        },
                        {
                            "name":"Kapaver",
                            "label":"Kapaver",
                            "value":"Kapaver"
                        },
                        {
                            "name":"Supcase",
                            "label":"Supcase",
                            "value":"Supcase"
                        }
                    ]
                    },
                    {
                        "name":"Color",
                        "label":"Color",
                        "value":"Color",
                        "selectedValue":"",
                        "options":[
                            {
                                "name":"",
                                "label":"",
                                "value":"select"
                            },
                            {
                                "name":"Black",
                                "label":"Black",
                                "value":"Black"
                            },
                            {
                                "name":"Brown",
                                "label":"Brown",
                                "value":"Brown"
                            },
                            {
                                "name":"Gold",
                                "label":"Gold",
                                "value":"Gold"
                            }
                        ]
                    },
                    {
                        "name":"Material Type",
                        "label":"Material Type",
                        "value":"Material Type",
                        "selectedValue":"",
                        "options":[
                            {
                                "name":"",
                                "label":"",
                                "value":"select"
                            },
                            {
                                "name":"Fiber",
                                "label":"Fiber",
                                "value":"Fiber"
                            },
                            {
                                "name":"Leather",
                                "label":"Leather",
                                "value":"Leather"
                            },
                            {
                                "name":"Metal",
                                "label":"Metal",
                                "value":"Metal"
                            }
                        ]
                    }
                ]    

    },
    {
        "name":"HeadPhones",
        "label":"HeadPhones",
        "configuration":
                [  {
                    "name":"Brand",
                    "label":"Brand",
                    "value":"Brand",
                    "selectedValue":"",
                    "options":[
                        {
                            "name":"",
                            "label":"",
                            "value":"select"
                        },
                        {
                            "name":"boAt",
                            "label":"boAt",
                            "value":"boAt"
                        },
                        {
                            "name":"realme",
                            "label":"realme",
                            "value":"realme"
                        },
                        {
                            "name":"Boult Audio",
                            "label":"Boult Audio",
                            "value":"Boult Audio"
                        },
                        {
                            "name":"Mivi",
                            "label":"Mivi",
                            "value":"Mivi"
                        }
                    ]
                    },
                    {
                        "name":"Headphone Design",
                        "label":"Headphone Design",
                        "value":"Headphone Design",
                        "selectedValue":"",
                        "options":[
                            {
                                "name":"",
                                "label":"",
                                "value":"select"
                            },
                            {
                                "name":"Behind the Neck",
                                "label":"Behind the Neck",
                                "value":"Behind the Neck"
                            },
                            {
                                "name":"Ear Clip",
                                "label":"Ear Clip",
                                "value":"Ear Clip"
                            },
                            {
                                "name":"Earbud",
                                "label":"Earbud",
                                "value":"Earbud"
                            }
                        ]
                    },
                    {
                        "name":"Headphone Type",
                        "label":"Headphone Type",
                        "value":"Headphone Type",
                        "selectedValue":"",
                        "options":[
                            {
                                "name":"",
                                "label":"",
                                "value":"select"
                            },
                            {
                                "name":"In the Ear",
                                "label":"In the Ear",
                                "value":"In the Ear"
                            },
                            {
                                "name":"True Wireless",
                                "label":"True Wireless",
                                "value":"True Wireless"
                            }
                        ]
                    },
                    {
                        "name":"Features",
                        "label":"Features",
                        "value":"Features",
                        "selectedValue":"",
                        "options":[
                            {
                                "name":"",
                                "label":"",
                                "value":"select"
                            },
                            {
                                "name":"Deep Bass",
                                "label":"Deep Bass",
                                "value":"Deep Bass"
                            },
                            {
                                "name":"Flatwire",
                                "label":"Flatwire",
                                "value":"Flatwire"
                            },
                            {
                                "name":"True Wireless",
                                "label":"True Wireless",
                                "value":"True Wireless"
                            }
                        ]
                    },
                    {
                        "name":"Color",
                        "label":"Color",
                        "value":"Color",
                        "selectedValue":"",
                        "options":[
                            {
                                "name":"",
                                "label":"",
                                "value":"select"
                            },
                            {
                                "name":"Black",
                                "label":"Black",
                                "value":"Black"
                            },
                            {
                                "name":"Blue",
                                "label":"Blue",
                                "value":"Blue"
                            },
                            {
                                "name":"Gold",
                                "label":"Gold",
                                "value":"Gold"
                            }
                        ]
                    }
                ]    

    },
    {
        "name":"Battery",
        "label":"Battery",
        "configuration":
                [  {
                    "name":"Features",
                    "label":"Connversion kit",
                    "value":"Connversion kit",
                    "selectedValue":"",
                    "options":[
                        {
                            "name":"",
                            "label":"",
                            "value":"select"
                        },
                        {
                            "name":"KIT MP T3",
                            "label":"KIT MP T3",
                            "value":"KIT MP T3"
                        },
                        {
                            "name":"KIT MP T4",
                            "label":"KIT MP T4",
                            "value":"KIT MP T4"
                        },
                        {
                            "name":"KIT MP T5",
                            "label":"KIT MP T5",
                            "value":"KIT MP T5"
                        },
                        {
                            "name":"KIT MP T6",
                            "label":"KIT MP T6",
                            "value":"KIT MP T6"
                        }
                    ]
                    },
                    {
                        "name":"Rotary level drive",
                        "label":"Rotary level drive",
                        "value":"Rotary level drive",
                        "selectedValue":"",
                        "options":[
                            {
                                "name":"",
                                "label":"",
                                "value":"select"
                            },
                            {
                                "name":"RHD T5_T6",
                                "label":"RHD T5_T6",
                                "value":"RHD T5_T6"
                            },
                            {
                                "name":"RHC T3_T4",
                                "label":"RHC T3_T5",
                                "value":"RHC T5_T6"
                            },
                            {
                                "name":"RHE T5_T6",
                                "label":"RHE T5_T6",
                                "value":"RHE T5_T6"
                            }
                        ]
                    }
                ]    

    },
    {
        "name":"Cables",
        "label":"Cables",
        "configuration":
                [  {
                    "name":"Connversion kit",
                    "label":"Connversion kit",
                    "value":"Connversion kit",
                    "selectedValue":"",
                    "options":[
                        {
                            "name":"",
                            "label":"",
                            "value":"select"
                        },
                        {
                            "name":"KIT MP T3",
                            "label":"KIT MP T3",
                            "value":"KIT MP T3"
                        },
                        {
                            "name":"KIT MP T4",
                            "label":"KIT MP T4",
                            "value":"KIT MP T4"
                        },
                        {
                            "name":"KIT MP T5",
                            "label":"KIT MP T5",
                            "value":"KIT MP T5"
                        },
                        {
                            "name":"KIT MP T6",
                            "label":"KIT MP T6",
                            "value":"KIT MP T6"
                        }
                    ]
                    },
                    {
                        "name":"Rotary level drive",
                        "label":"Rotary level drive",
                        "value":"Rotary level drive",
                        "selectedValue":"",
                        "options":[
                            {
                                "name":"",
                                "label":"",
                                "value":"select"
                            },
                            {
                                "name":"RHD T5_T6",
                                "label":"RHD T5_T6",
                                "value":"RHD T5_T6"
                            },
                            {
                                "name":"RHC T3_T4",
                                "label":"RHC T3_T5",
                                "value":"RHC T5_T6"
                            },
                            {
                                "name":"RHE T5_T6",
                                "label":"RHE T5_T6",
                                "value":"RHE T5_T6"
                            }
                        ]
                    }
                ]    

    },
    {
        "name":"Headphones",
        "label":"Headphones",
        "configuration":
                [  {
                    "name":"Connversion kit",
                    "label":"Connversion kit",
                    "value":"Connversion kit",
                    "selectedValue":"",
                    "options":[
                        {
                            "name":"",
                            "label":"",
                            "value":"select"
                        },
                        {
                            "name":"KIT MP T3",
                            "label":"KIT MP T3",
                            "value":"KIT MP T3"
                        },
                        {
                            "name":"KIT MP T4",
                            "label":"KIT MP T4",
                            "value":"KIT MP T4"
                        },
                        {
                            "name":"KIT MP T5",
                            "label":"KIT MP T5",
                            "value":"KIT MP T5"
                        },
                        {
                            "name":"KIT MP T6",
                            "label":"KIT MP T6",
                            "value":"KIT MP T6"
                        }
                    ]
                    },
                    {
                        "name":"Rotary level drive",
                        "label":"Rotary level drive",
                        "value":"Rotary level drive",
                        "selectedValue":"",
                        "options":[
                            {
                                "name":"",
                                "label":"",
                                "value":"select"
                            },
                            {
                                "name":"RHD T5_T6",
                                "label":"RHD T5_T6",
                                "value":"RHD T5_T6"
                            },
                            {
                                "name":"RHC T3_T4",
                                "label":"RHC T3_T5",
                                "value":"RHC T5_T6"
                            },
                            {
                                "name":"RHE T5_T6",
                                "label":"RHE T5_T6",
                                "value":"RHE T5_T6"
                            }
                        ]
                    }
                ]    

    },
    {
        "name":"Cases & Covers",
        "label":"Cases & Covers",
        "configuration":
                [  {
                    "name":"Connversion kit",
                    "label":"Connversion kit",
                    "value":"Connversion kit",
                    "selectedValue":"",
                    "options":[
                        {
                            "name":"",
                            "label":"",
                            "value":"select"
                        },
                        {
                            "name":"KIT MP T3",
                            "label":"KIT MP T3",
                            "value":"KIT MP T3"
                        },
                        {
                            "name":"KIT MP T4",
                            "label":"KIT MP T4",
                            "value":"KIT MP T4"
                        },
                        {
                            "name":"KIT MP T5",
                            "label":"KIT MP T5",
                            "value":"KIT MP T5"
                        },
                        {
                            "name":"KIT MP T6",
                            "label":"KIT MP T6",
                            "value":"KIT MP T6"
                        }
                    ]
                    },
                    {
                        "name":"Rotary level drive",
                        "label":"Rotary level drive",
                        "value":"Rotary level drive",
                        "selectedValue":"",
                        "options":[
                            {
                                "name":"",
                                "label":"",
                                "value":"select"
                            },
                            {
                                "name":"RHD T5_T6",
                                "label":"RHD T5_T6",
                                "value":"RHD T5_T6"
                            },
                            {
                                "name":"RHC T3_T4",
                                "label":"RHC T3_T5",
                                "value":"RHC T5_T6"
                            },
                            {
                                "name":"RHE T5_T6",
                                "label":"RHE T5_T6",
                                "value":"RHE T5_T6"
                            }
                        ]
                    }
                ]    

    }
]