{
    "en":{
      "header":{
        "headerName":"CTS CONFIGURATOR",
        "search":"Search..."
      },
      "home":{
        "productCatalog":"Product Catalog",
        "quoteTool":"Quote Tool"
      },
      "menubar":{
        "profile":"Profile",
        "logout":"Logout",
        "languagePopup":"Change Language",
        "languageLabel":"Language",
        "close":"Close"
      }
    },
    "de": {
      "header":{
        "headerName":"CTS KONFIGURATØR",
        "search":"Suchen..."
      },
      "home":{
        "productCatalog":"Produktkatalog",
        "quoteTool":"Zitieren Werkzeug"
      },
      "menubar":{
        "profile":"Profil",
        "logout":"Ausloggen",
        "languagePopup":"Sprache ändern",
        "languageLabel":"Sprache",
        "close":"Schließen"
      }
    }
}