[{
    "id": 1,
    "title": "APPLE 2020 Macbook Air M1",
    "description": "APPLE 2020 Macbook Air M1",
    "processor":"Apple M1 Chip",
    "os":"Mac OS Big Sur",
    "memory":"8 GB RAM (1 x 8 GB)",
    "displaySize":"33.78 cm (13.3 inch) 2560 x 1600 Pixel",
    "price": 549,
    "discountPercentage": 12.96,
    "rating": 4.69,
    "stock": 1,
    "simType":"Dual Sim",
    "networkType":"4G",
    "brand": "Apple",
    "category": "smartphones",
    "image": "apple1",
    "selector":{
        "Brand":"Apple",
        "Screen Size":"15.6 INCH",
        "Processor":"",
        "Hard Drive Size":"500 GB"
    }
}, {
    "id": 2,
    "title": "APPLE 2022 MacBook AIR M2",
    "description": "APPLE 2022 MacBook AIR M2",
    "processor":"Apple M2 Chip",
    "os":"Mac OS Big Sur",
    "memory":"8 GB RAM (1 x 8 GB)",
    "displaySize":"33.78 cm (13.3 inch) 2560 x 1600 Pixel",
    "price": 899,
    "discountPercentage": 17.94,
    "rating": 4.44,
    "stock": 1,
    "brand": "Apple",
    "networkType":"5G",
    "simType":"Dual Sim",
    "category": "smartphones",
    "image": "apple2",
    "selector":{
        "Brand":"Apple",
        "Screen Size":"15.6 INCH",
        "Processor":"",
        "Hard Drive Size":"500 GB"
    }
}, {
    "id": 3,
    "title": "APPLE 2022 MacBook AIR M2",
    "description": "APPLE 2022 MacBook AIR M2",
    "processor":"Apple M1 Chip",
    "os":"Mac OS Big Sur",
    "memory":"8 GB RAM (1 x 8 GB)",
    "displaySize":"33.78 cm (13.3 inch) 2560 x 1600 Pixel",
    "price": 1249,
    "discountPercentage": 15.46,
    "rating": 4.09,
    "stock": 1,
    "brand": "Samsung",
    "simType":"Dual Sim",
    "networkType":"4G",
    "category": "smartphones",
    "image": "apple3",
    "selector":{
        "Brand":"Apple",
        "Screen Size":"15.6 INCH",
        "Processor":"",
        "Hard Drive Size":"500 GB"
    }
}, {
    "id": 4,
    "title": "APPLE 2023 MacBook Pro M2 Pro",
    "description": "APPLE 2023 MacBook Pro M2 Pro",
    "processor":"Apple M1 Chip",
    "os":"Mac OS Big Sur",
    "memory":"8 GB RAM (1 x 8 GB)",
    "displaySize":"33.78 cm (13.3 inch) 2560 x 1600 Pixel",
    "price": 280,
    "discountPercentage": 17.91,
    "rating": 4.3,
    "stock": 1,
    "brand": "OPPO",
    "simType":"Dual Sim",
    "networkType":"5G",
    "category": "smartphones",
    "image": "apple4",
    "selector":{
        "Brand":"Apple",
        "Screen Size":"15.6 INCH",
        "Processor":"",
        "Hard Drive Size":"500 GB"
    }
},
{
    "id": 5,
    "title": "HP Laptop 15s-fq5007TU",
    "description": "HP Laptop 15s-fq5007TU",
    "processor":"12th Generation Intel Core i3 processor",
    "os":"Windows 11 Home",
    "memory":"8 GB DDR4-3200 MHz RAM (1 x 8 GB)",
    "displaySize":"39.6 cm (15.6) diagonal, FHD (1920 x 1080)",
    "price": 549,
    "discountPercentage": 12.96,
    "rating": 4.69,
    "stock": 1,
    "simType":"Dual Sim",
    "networkType":"4G",
    "brand": "HP",
    "category": "smartphones",
    "image": "apple1",
    "selector":{
        "Brand":"HP",
        "Screen Size":"15.6 INCH",
        "Processor":"",
        "Hard Drive Size":"500 GB"
    }
}, {
    "id": 6,
    "title": "HP Pavilion gaming Laptop 15 ec2150AX",
    "description": "HP Pavilion gaming Laptop 15 ec2150AX",
    "processor":"AMD Ryzen™ 5 processor",
    "os":"Windows 11 Home",
    "memory":"8 GB DDR4-3200 MHz RAM (1 x 8 GB)",
    "displaySize":"39.6 cm (15.6) diagonal, FHD (1920 x 1080)",
    "price": 899,
    "discountPercentage": 17.94,
    "rating": 4.44,
    "stock": 1,
    "brand": "HP",
    "networkType":"5G",
    "simType":"Dual Sim",
    "category": "smartphones",
    "image": "apple2",
    "selector":{
        "Brand":"HP",
        "Screen Size":"15.6 INCH",
        "Processor":"AMD Ryzen 5",
        "Hard Drive Size":"500 GB"
    }
}, {
    "id": 7,
    "title": "Victus Gaming Laptop 15 fa0165TX",
    "description": "Victus Gaming Laptop 15 fa0165TX",
    "processor":"12th Generation Intel® Core™ i5 processor",
    "os":"Windows 11 Home",
    "memory":"8 GB DDR4-3200 MHz RAM (1 x 8 GB)",
    "displaySize":"39.6 cm (15.6) diagonal, FHD (1920 x 1080)",
    "price": 1249,
    "discountPercentage": 15.46,
    "rating": 4.09,
    "stock": 1,
    "brand": "HP",
    "simType":"Dual Sim",
    "networkType":"4G",
    "category": "smartphones",
    "image": "apple3",
    "selector":{
        "Brand":"HP",
        "Screen Size":"15.6 INCH",
        "Processor":"INTEL CORE i5",
        "Hard Drive Size":"500 GB"
    }
}, {
    "id": 8,
    "title": "APPLE 2023 MacBook Pro M2 Pro",
    "description": "APPLE 2023 MacBook Pro M2 Pro",
    "processor":"12th Generation Intel Core i5 processor",
    "os":"Windows 11 Home",
    "memory":"8 GB DDR4-3200 MHz RAM (1 x 8 GB)",
    "displaySize":"39.6 cm (15.6) diagonal, FHD (1920 x 1080)",
    "price": 280,
    "discountPercentage": 17.91,
    "rating": 4.3,
    "stock": 1,
    "brand": "HP",
    "simType":"Dual Sim",
    "networkType":"5G",
    "category": "smartphones",
    "image": "apple4",
    "selector":{
        "Brand":"HP",
        "Screen Size":"15.6 INCH",
        "Processor":"INTEL CORE i5",
        "Hard Drive Size":"500 GB"
    }
},
{
    "id": 9,
    "title": "HP Laptop 15s-fq5007TU",
    "description": "HP Laptop 15s-fq5007TU",
    "processor":"12th Generation Intel Core i3 processor",
    "os":"Windows 11 Home",
    "memory":"8 GB DDR4-3200 MHz RAM (1 x 8 GB)",
    "displaySize":"39.6 cm (15.6) diagonal, FHD (1920 x 1080)",
    "price": 549,
    "discountPercentage": 12.96,
    "rating": 4.69,
    "stock": 1,
    "simType":"Dual Sim",
    "networkType":"4G",
    "brand": "ASUS",
    "category": "smartphones",
    "image": "asus1",
    "selector":{
        "Brand":"ASUS",
        "Screen Size":"15.6 INCH",
        "Processor":"INTEL CORE i9",
        "Hard Drive Size":"500 GB"
    }
}, {
    "id": 10,
    "title": "HP Pavilion gaming Laptop 15 ec2150AX",
    "description": "HP Pavilion gaming Laptop 15 ec2150AX",
    "processor":"AMD Ryzen™ 5 processor",
    "os":"Windows 11 Home",
    "memory":"8 GB DDR4-3200 MHz RAM (1 x 8 GB)",
    "displaySize":"39.6 cm (15.6) diagonal, FHD (1920 x 1080)",
    "price": 899,
    "discountPercentage": 17.94,
    "rating": 4.44,
    "stock": 1,
    "brand": "ASUS",
    "networkType":"5G",
    "simType":"Dual Sim",
    "category": "smartphones",
    "image": "asus2",
    "selector":{
        "Brand":"ASUS",
        "Screen Size":"15.6 INCH",
        "Processor":"INTEL CORE i7",
        "Hard Drive Size":"500 GB"
    }
}, {
    "id": 11,
    "title": "Victus Gaming Laptop 15 fa0165TX",
    "description": "Victus Gaming Laptop 15 fa0165TX",
    "processor":"12th Generation Intel® Core™ i5 processor",
    "os":"Windows 11 Home",
    "memory":"8 GB DDR4-3200 MHz RAM (1 x 8 GB)",
    "displaySize":"39.6 cm (15.6) diagonal, FHD (1920 x 1080)",
    "price": 1249,
    "discountPercentage": 15.46,
    "rating": 4.09,
    "stock": 1,
    "brand": "ASUS",
    "simType":"Dual Sim",
    "networkType":"4G",
    "category": "smartphones",
    "image": "asus3",
    "selector":{
        "Brand":"ASUS",
        "Screen Size":"15.6 INCH",
        "Processor":"INTEL CORE i5",
        "Hard Drive Size":"2000 GB"
    }
}, {
    "id": 12,
    "title": "APPLE 2023 MacBook Pro M2 Pro",
    "description": "APPLE 2023 MacBook Pro M2 Pro",
    "processor":"12th Generation Intel Core i3 processor",
    "os":"Windows 11 Home",
    "memory":"8 GB DDR4-3200 MHz RAM (1 x 8 GB)",
    "displaySize":"39.6 cm (15.6) diagonal, FHD (1920 x 1080)",
    "price": 280,
    "discountPercentage": 17.91,
    "rating": 4.3,
    "stock": 1,
    "brand": "ASUS",
    "simType":"Dual Sim",
    "networkType":"5G",
    "category": "smartphones",
    "image": "asus4",
    "selector":{
        "Brand":"ASUS",
        "Screen Size":"15.6 INCH",
        "Processor":"INTEL CORE i7",
        "Hard Drive Size":"1000 GB"
    }
}
]