[

    {
        "name":"Brand",
        "label":"Brand",
        "value":"Brand",
        "selectedValue":"",
        "type":"dropdown",
        "options":[
            {
                "name":"Apple",
                "label":"Apple",
                "value":"Apple",
                "image":"appleLogo"
            },
            {
                "name":"HP",
                "label":"HP",
                "value":"HP",
                "image":"hpLogo"
            },
            {
                "name":"DELL",
                "label":"DELL",
                "value":"DELL",
                "image":"dellLogo"
            },
            {
                "name":"ASUS",
                "label":"ASUS",
                "value":"ASUS",
                "image":"asusLogo"
            }
        ]
    },
  
    {
        "name":"Screen Size",
        "label":"Screen Size",
        "value":"Screen Size",
        "selectedValue":"",
        "type":"multidropdown",
        "options":[
            {
                "name":"11 INCH",
                "label":"11 INCH",
                "value":"11 INCH",
                "image":"size11"
            },
            {
                "name":"14 INCH",
                "label":"14 INCH",
                "value":"14 INCH",
                "image":"size14"
            },
            {
                "name":"15.6 INCH",
                "label":"15.6 INCH",
                "value":"15.6 INCH",
                "image":"size15"
            },
            {
                "name":"17.3 INCH",
                "label":"17.3 INCH",
                "value":"17.3 INCH",
                "image":"size17"
            }
        ]
    },
    {
        "name":"Processor",
        "label":"Processor",
        "value":"Processor",
        "type":"textbox",
        "selectedValue":"",
        "options":[
            {
                "name":"INTEL CORE i5",
                "label":"INTEL CORE i5",
                "value":"INTEL CORE i5",
                "image":"intelcore5"
            },
            {
                "name":"INTEL CORE i7",
                "label":"INTEL CORE i7",
                "value":"INTEL CORE i7",
                "image":"intelcore7"
            },
            {
                "name":"INTEL CORE i9",
                "label":"INTEL CORE i9",
                "value":"INTEL CORE i9",
                "image":"intelcore9"
            },
            {
                "name":"AMD Ryzen 5",
                "label":"AMD Ryzen5",
                "value":"AMD Ryzen 5",
                "image":"amd5"
            },
            {
                "name":"AMD Ryzen7",
                "label":"AMD Ryzen 7",
                "value":"AMD Ryzen7",
                "image":"amd7"
            }
        ]
    },
    {
        "name":"Hard Drive Size",
        "label":"Hard Drive Size",
        "value":"Hard Drive Size",
        "selectedValue":"",
        "type":"range",
        "imageType":"svg",
        "options":[
            {
                "name":"1000 GB",
                "label":"1000 GB",
                "value":"1000 GB",
                "image":"amd7"
            },
            {
                "name":"2TB",
                "label":"2TB",
                "value":"2TB"
            },
            {
                "name":"3TB",
                "label":"3TB",
                "value":"3TB"
            },
            {
                "name":"500 GB",
                "label":"500 GB",
                "value":"500 GB"
            }
        ]
    }
    
  
]