[
    {
		"id": 91,
		"title": "Black Motorbike",
		"description": "Engine Type:Wet sump, Single Cylinder, Four Stroke, Two Valves, Air Cooled with SOHC (Single Over Head Cam) Chain Drive Bore & Stroke:47.0 x 49.5 MM",
		"price": 569,
		"discountPercentage": 13.63,
		"rating": 4.04,
		"stock": 1,
		"brand": "METRO 70cc Motorcycle - MR70",
		"category": "motorcycle",
		"thumbnail": "https://i.dummyjson.com/data/products/91/thumbnail.jpg",
		"images": ["https://i.dummyjson.com/data/products/91/1.jpg", "https://i.dummyjson.com/data/products/91/2.jpg", "https://i.dummyjson.com/data/products/91/3.jpg", "https://i.dummyjson.com/data/products/91/4.jpg", "https://i.dummyjson.com/data/products/91/thumbnail.jpg"]
	}, {
		"id": 92,
		"title": "HOT SALE IN EUROPE electric racing motorcycle",
		"description": "HOT SALE IN EUROPE electric racing motorcycle electric motorcycle for sale adult electric motorcycles",
		"price": 920,
		"discountPercentage": 14.4,
		"rating": 4.19,
		"stock": 1,
		"brand": "BRAVE BULL",
		"category": "motorcycle",
		"thumbnail": "https://i.dummyjson.com/data/products/92/thumbnail.jpg",
		"images": ["https://i.dummyjson.com/data/products/92/1.jpg", "https://i.dummyjson.com/data/products/92/2.jpg", "https://i.dummyjson.com/data/products/92/3.jpg", "https://i.dummyjson.com/data/products/92/4.jpg"]
	}, {
		"id": 93,
		"title": "Automatic Motor Gas Motorcycles",
		"description": "150cc 4-Stroke Motorcycle Automatic Motor Gas Motorcycles Scooter motorcycles 150cc scooter",
		"price": 1050,
		"discountPercentage": 3.34,
		"rating": 4.84,
		"stock": 1,
		"brand": "shock absorber",
		"category": "motorcycle",
		"thumbnail": "https://i.dummyjson.com/data/products/93/thumbnail.jpg",
		"images": ["https://i.dummyjson.com/data/products/93/1.jpg", "https://i.dummyjson.com/data/products/93/2.jpg", "https://i.dummyjson.com/data/products/93/3.jpg", "https://i.dummyjson.com/data/products/93/4.jpg", "https://i.dummyjson.com/data/products/93/thumbnail.jpg"]
	}, {
		"id": 94,
		"title": "new arrivals Fashion motocross goggles",
		"description": "new arrivals Fashion motocross goggles motorcycle motocross racing motorcycle",
		"price": 900,
		"discountPercentage": 3.85,
		"rating": 4.06,
		"stock": 1,
		"brand": "JIEPOLLY",
		"category": "motorcycle",
		"thumbnail": "https://i.dummyjson.com/data/products/94/thumbnail.webp",
		"images": ["https://i.dummyjson.com/data/products/94/1.webp", "https://i.dummyjson.com/data/products/94/2.jpg", "https://i.dummyjson.com/data/products/94/3.jpg", "https://i.dummyjson.com/data/products/94/thumbnail.webp"]
	}, {
		"id": 95,
		"title": "Wholesale cargo lashing Belt",
		"description": "Wholesale cargo lashing Belt Tie Down end Ratchet strap customized strap 25mm motorcycle 1500kgs with rubber handle",
		"price": 930,
		"discountPercentage": 17.67,
		"rating": 4.21,
		"stock": 1,
		"brand": "Xiangle",
		"category": "motorcycle",
		"thumbnail": "https://i.dummyjson.com/data/products/95/thumbnail.jpg",
		"images": ["https://i.dummyjson.com/data/products/95/1.jpg", "https://i.dummyjson.com/data/products/95/2.jpg", "https://i.dummyjson.com/data/products/95/3.jpg", "https://i.dummyjson.com/data/products/95/4.jpg", "https://i.dummyjson.com/data/products/95/thumbnail.jpg"]
	}
]