[
      {
        "properties": [
          {
            "name": "MaterialDefinition",
            "value": "1SDA066799R1"
          },
          {
            "name": "material_name",
            "value": "TMAX_XT1"
          },
          {
            "name": "Tmax - Tmax XT",
            "value": "True"
          },
          {
            "name": "Tmax XT",
            "value": "True"
          },
          {
            "name": "BaseUnit",
            "value": "ST"
          },
          {
            "name": "MaterialGroup",
            "value": "880880"
          },
          {
            "name": "MaterialNameLso",
            "value": "1SDA066799R1"
          },
          {
            "name": "IncludedByreference",
            "value": "False"
          },
          {
            "name": "IsABBKMAT",
            "value": "False"
          },
          {
            "name": "Image",
            "value": "https://cdn.productimages.abb.com/9IBA248846_720x540.png"
          },
          {
            "name": "Stock",
            "value": "NA"
          },
          {
            "name": "9AAC167301",
            "value": "True"
          },
          {
            "name": "EAN",
            "value": "8015644003265"
          },
          {
            "name": "UOM.CH",
            "value": "ST"
          },
          {
            "name": "DU.CH",
            "value": "1"
          },
          {
            "name": "MOQ.CH",
            "value": "1"
          },
          {
            "name": "PriceGroup.CH",
            "value": "68"
          },
          {
            "name": "Translation.DE",
            "value": "XT1B 160 TMD 16-450 3p F F"
          },
          {
            "name": "Translation.EN",
            "value": "XT1B 160 TMD 16-450 3p F F"
          },
          {
            "name": "Translation.FR",
            "value": "XT1B 160 TMD 16-450 3p F F"
          },
          {
            "name": "Translation.IT",
            "value": "XT1B 160 TMD 16-450 3p F F"
          },
          {
            "name": "SelectorName",
            "value": "Tmax XT"
          },
          {
            "name": "Description",
            "value": "XT1B 160 TMD 16-450 3p F F"
          }
        ],
        "assignments": [
          {
            "name": "Variants.TAGLIA",
            "value": "XT1",
            "isDefault": false
          },
          {
            "name": "Variants.VERS",
            "value": "B",
            "isDefault": false
          },
          {
            "name": "Variants.CORR_NOM",
            "value": "160",
            "isDefault": false
          },
          {
            "name": "Variants.ESEC",
            "value": "F",
            "isDefault": false
          },
          {
            "name": "Variants.TERM",
            "value": "F",
            "isDefault": false
          },
          {
            "name": "Variants.POL",
            "value": "3",
            "isDefault": false
          },
          {
            "name": "Variants.SGANC",
            "value": "TMD",
            "isDefault": false
          },
          {
            "name": "Variants.TARAT_SGANC",
            "value": "R16",
            "isDefault": false
          }
        ],
        "materialDefinition": "1SDA066799R1",
        "enableVariantMatching": "False",
        "imageLink":"https://cdn.productimages.abb.com/9IBA248846_720x540.png",
        "materialName": "TMAX_XT1",
        "generalItemCategoryGroup": "NORM",
        "baseUnit": "ST",
        "isConfigurable": false,
        "baseUnitLso": "ST",
        "name": "1SDA066799R1",
        "code": "1SDA066799R1",
        "listPrice": 0.0,
        "price": 453,
        "unitPrice": 0.0,
        "clistPrice": "",
        "productId": "1SDA066799R1",
        "sAPID": "1SDA066799R1",
        "priceGroup": " ",
        "minOrderQuantity": "1",
        "deliveryUnit": "1",
        "orderQuantity": "1",
        "baseUnitOfMeasure": "ST",
        "configurationPrice": 0.0,
        "productHierarchy": "",
        "productHierarchyLso": "",
        "imageLso": "https://cdn.productimages.abb.com/9IBA248846_720x540.png",
        "stock": "NA",
        "salesOrganization": "2500",
        "descriptionDE": "XT1B 160 TMD 16-450 3p F F",
        "distributionChannel": "VI",
        "eAN": "8015644003265",
        "eNumber": "",
        "variants": "",
        "materialPricingGroup": "",
        "imageThumb": "https://cdn.productimages.abb.com/9IBA248846_720x540.png",
        "description": "XT1B 160 TMD 16-450 3p F F",
        "materialNameLso": "1SDA066799R1",
        "priceUnit": "1",
        "plant": "1000",
        "minOrdrQty": "1 Stk",
        "id": 58082
      },
      {
        "properties": [
          {
            "name": "MaterialDefinition",
            "value": "1SDA066800R1"
          },
          {
            "name": "material_name",
            "value": "TMAX_XT1"
          },
          {
            "name": "Tmax - Tmax XT",
            "value": "True"
          },
          {
            "name": "Tmax XT",
            "value": "True"
          },
          {
            "name": "BaseUnit",
            "value": "ST"
          },
          {
            "name": "MaterialGroup",
            "value": "880880"
          },
          {
            "name": "MaterialNameLso",
            "value": "1SDA066800R1"
          },
          {
            "name": "IncludedByreference",
            "value": "False"
          },
          {
            "name": "IsABBKMAT",
            "value": "False"
          },
          {
            "name": "Image",
            "value": "https://cdn.productimages.abb.com/9IBA248846_720x540.png"
          },
          {
            "name": "Stock",
            "value": "1"
          },
          {
            "name": "9AAC167301",
            "value": "True"
          },
          {
            "name": "EAN",
            "value": "8015644694456"
          },
          {
            "name": "UOM.CH",
            "value": "ST"
          },
          {
            "name": "DU.CH",
            "value": "1"
          },
          {
            "name": "MOQ.CH",
            "value": "1"
          },
          {
            "name": "PriceGroup.CH",
            "value": "68"
          },
          {
            "name": "Translation.DE",
            "value": "XT1B 160 TMD 20-450 3p F F"
          },
          {
            "name": "Translation.EN",
            "value": "XT1B 160 TMD 20-450 3p F F"
          },
          {
            "name": "Translation.FR",
            "value": "XT1B 160 TMD 20-450 3p F F"
          },
          {
            "name": "Translation.IT",
            "value": "XT1B 160 TMD 20-450 3p F F"
          },
          {
            "name": "SelectorName",
            "value": "Tmax XT"
          },
          {
            "name": "Description",
            "value": "XT1B 160 TMD 20-450 3p F F"
          }
        ],
        "assignments": [
          {
            "name": "Variants.TAGLIA",
            "value": "XT1",
            "isDefault": false
          },
          {
            "name": "Variants.VERS",
            "value": "B",
            "isDefault": false
          },
          {
            "name": "Variants.CORR_NOM",
            "value": "160",
            "isDefault": false
          },
          {
            "name": "Variants.ESEC",
            "value": "F",
            "isDefault": false
          },
          {
            "name": "Variants.TERM",
            "value": "F",
            "isDefault": false
          },
          {
            "name": "Variants.POL",
            "value": "3",
            "isDefault": false
          },
          {
            "name": "Variants.SGANC",
            "value": "TMD",
            "isDefault": false
          },
          {
            "name": "Variants.TARAT_SGANC",
            "value": "R20",
            "isDefault": false
          }
        ],
        "materialDefinition": "1SDA066800R1",
        "enableVariantMatching": "False",
        "imageLink":"https://encrypted-tbn0.gstatic.com/images?q=tbn:ANd9GcTi97cjqTSEalMJxqCt2dC7Jv2MxNuctLIn2A&usqp=CAU",
        "materialName": "TMAX_XT1",
        "generalItemCategoryGroup": "NORM",
        "baseUnit": "ST",
        "isConfigurable": false,
        "baseUnitLso": "ST",
        "name": "1SDA066800R1",
        "code": "1SDA066800R1",
        "listPrice": 0.0,
        "price": 453,
        "unitPrice": 0.0,
        "clistPrice": "",
        "productId": "1SDA066800R1",
        "sAPID": "1SDA066800R1",
        "priceGroup": " ",
        "minOrderQuantity": "1",
        "deliveryUnit": "1",
        "orderQuantity": "1",
        "baseUnitOfMeasure": "ST",
        "configurationPrice": 0.0,
        "productHierarchy": "",
        "productHierarchyLso": "",
        "imageLso": "https://cdn.productimages.abb.com/9IBA248846_720x540.png",
        "stock": "1",
        "salesOrganization": "2500",
        "descriptionDE": "XT1B 160 TMD 20-450 3p F F",
        "distributionChannel": "VI",
        "eAN": "8015644694456",
        "eNumber": "",
        "variants": "",
        "materialPricingGroup": "",
        "imageThumb": "https://cdn.productimages.abb.com/9IBA248846_720x540.png",
        "description": "XT1B 160 TMD 20-450 3p F F",
        "materialNameLso": "1SDA066800R1",
        "priceUnit": "1",
        "plant": "1000",
        "minOrdrQty": "1 Stk",
        "id": 58083
      },
      {
        "properties": [
          {
            "name": "MaterialDefinition",
            "value": "1SDA066801R1"
          },
          {
            "name": "material_name",
            "value": "TMAX_XT1"
          },
          {
            "name": "Tmax - Tmax XT",
            "value": "True"
          },
          {
            "name": "Tmax XT",
            "value": "True"
          },
          {
            "name": "BaseUnit",
            "value": "ST"
          },
          {
            "name": "MaterialGroup",
            "value": "880880"
          },
          {
            "name": "MaterialNameLso",
            "value": "1SDA066801R1"
          },
          {
            "name": "IncludedByreference",
            "value": "False"
          },
          {
            "name": "IsABBKMAT",
            "value": "False"
          },
          {
            "name": "Image",
            "value": "https://cdn.productimages.abb.com/9IBA248846_720x540.png"
          },
          {
            "name": "Stock",
            "value": "NA"
          },
          {
            "name": "9AAC167301",
            "value": "True"
          },
          {
            "name": "EAN",
            "value": "8015644003289"
          },
          {
            "name": "UOM.CH",
            "value": "ST"
          },
          {
            "name": "DU.CH",
            "value": "1"
          },
          {
            "name": "MOQ.CH",
            "value": "1"
          },
          {
            "name": "PriceGroup.CH",
            "value": "68"
          },
          {
            "name": "Translation.DE",
            "value": "XT1B 160 TMD 25-450 3p F F"
          },
          {
            "name": "Translation.EN",
            "value": "XT1B 160 TMD 25-450 3p F F"
          },
          {
            "name": "Translation.FR",
            "value": "XT1B 160 TMD 25-450 3p F F"
          },
          {
            "name": "Translation.IT",
            "value": "XT1B 160 TMD 25-450 3p F F"
          },
          {
            "name": "SelectorName",
            "value": "Tmax XT"
          },
          {
            "name": "Description",
            "value": "XT1B 160 TMD 25-450 3p F F"
          }
        ],
        "assignments": [
          {
            "name": "Variants.TAGLIA",
            "value": "XT1",
            "isDefault": false
          },
          {
            "name": "Variants.VERS",
            "value": "B",
            "isDefault": false
          },
          {
            "name": "Variants.CORR_NOM",
            "value": "160",
            "isDefault": false
          },
          {
            "name": "Variants.ESEC",
            "value": "F",
            "isDefault": false
          },
          {
            "name": "Variants.TERM",
            "value": "F",
            "isDefault": false
          },
          {
            "name": "Variants.POL",
            "value": "3",
            "isDefault": false
          },
          {
            "name": "Variants.SGANC",
            "value": "TMD",
            "isDefault": false
          },
          {
            "name": "Variants.TARAT_SGANC",
            "value": "R25",
            "isDefault": false
          }
        ],
        "materialDefinition": "1SDA066801R1",
        "enableVariantMatching": "False",
        "imageLink":"https://encrypted-tbn0.gstatic.com/images?q=tbn:ANd9GcTi97cjqTSEalMJxqCt2dC7Jv2MxNuctLIn2A&usqp=CAU",
        "materialName": "TMAX_XT1",
        "generalItemCategoryGroup": "NORM",
        "baseUnit": "ST",
        "isConfigurable": false,
        "baseUnitLso": "ST",
        "name": "1SDA066801R1",
        "code": "1SDA066801R1",
        "listPrice": 0.0,
        "price": 453,
        "unitPrice": 0.0,
        "clistPrice": "",
        "productId": "1SDA066801R1",
        "sAPID": "1SDA066801R1",
        "priceGroup": " ",
        "minOrderQuantity": "1",
        "deliveryUnit": "1",
        "orderQuantity": "1",
        "baseUnitOfMeasure": "ST",
        "configurationPrice": 0.0,
        "productHierarchy": "",
        "productHierarchyLso": "",
        "imageLso": "https://cdn.productimages.abb.com/9IBA248846_720x540.png",
        "stock": "NA",
        "salesOrganization": "2500",
        "descriptionDE": "XT1B 160 TMD 25-450 3p F F",
        "distributionChannel": "VI",
        "eAN": "8015644003289",
        "eNumber": "",
        "variants": "",
        "materialPricingGroup": "",
        "imageThumb": "https://cdn.productimages.abb.com/9IBA248846_720x540.png",
        "description": "XT1B 160 TMD 25-450 3p F F",
        "materialNameLso": "1SDA066801R1",
        "priceUnit": "1",
        "plant": "1000",
        "minOrdrQty": "1 Stk",
        "id": 58084
      },
      {
        "properties": [
          {
            "name": "MaterialDefinition",
            "value": "1SDA066802R1"
          },
          {
            "name": "material_name",
            "value": "TMAX_XT1"
          },
          {
            "name": "Tmax - Tmax XT",
            "value": "True"
          },
          {
            "name": "Tmax XT",
            "value": "True"
          },
          {
            "name": "BaseUnit",
            "value": "ST"
          },
          {
            "name": "MaterialGroup",
            "value": "880880"
          },
          {
            "name": "MaterialNameLso",
            "value": "1SDA066802R1"
          },
          {
            "name": "IncludedByreference",
            "value": "False"
          },
          {
            "name": "IsABBKMAT",
            "value": "False"
          },
          {
            "name": "Image",
            "value": "https://cdn.productimages.abb.com/9IBA248846_720x540.png"
          },
          {
            "name": "Stock",
            "value": "NA"
          },
          {
            "name": "9AAC167301",
            "value": "True"
          },
          {
            "name": "EAN",
            "value": "8015644694463"
          },
          {
            "name": "UOM.CH",
            "value": "ST"
          },
          {
            "name": "DU.CH",
            "value": "1"
          },
          {
            "name": "MOQ.CH",
            "value": "1"
          },
          {
            "name": "PriceGroup.CH",
            "value": "68"
          },
          {
            "name": "Translation.DE",
            "value": "XT1B 160 TMD 32-450 3p F F"
          },
          {
            "name": "Translation.EN",
            "value": "XT1B 160 TMD 32-450 3p F F"
          },
          {
            "name": "Translation.FR",
            "value": "XT1B 160 TMD 32-450 3p F F"
          },
          {
            "name": "Translation.IT",
            "value": "XT1B 160 TMD 32-450 3p F F"
          },
          {
            "name": "SelectorName",
            "value": "Tmax XT"
          },
          {
            "name": "Description",
            "value": "XT1B 160 TMD 32-450 3p F F"
          }
        ],
        "assignments": [
          {
            "name": "Variants.TAGLIA",
            "value": "XT1",
            "isDefault": false
          },
          {
            "name": "Variants.VERS",
            "value": "B",
            "isDefault": false
          },
          {
            "name": "Variants.CORR_NOM",
            "value": "160",
            "isDefault": false
          },
          {
            "name": "Variants.ESEC",
            "value": "F",
            "isDefault": false
          },
          {
            "name": "Variants.TERM",
            "value": "F",
            "isDefault": false
          },
          {
            "name": "Variants.POL",
            "value": "3",
            "isDefault": false
          },
          {
            "name": "Variants.SGANC",
            "value": "TMD",
            "isDefault": false
          },
          {
            "name": "Variants.TARAT_SGANC",
            "value": "R32",
            "isDefault": false
          }
        ],
        "materialDefinition": "1SDA066802R1",
        "enableVariantMatching": "False",
        "imageLink":"https://encrypted-tbn0.gstatic.com/images?q=tbn:ANd9GcTi97cjqTSEalMJxqCt2dC7Jv2MxNuctLIn2A&usqp=CAU",
        "materialName": "TMAX_XT1",
        "generalItemCategoryGroup": "NORM",
        "baseUnit": "ST",
        "isConfigurable": false,
        "baseUnitLso": "ST",
        "name": "1SDA066802R1",
        "code": "1SDA066802R1",
        "listPrice": 0.0,
        "price": 453,
        "unitPrice": 0.0,
        "clistPrice": "",
        "productId": "1SDA066802R1",
        "sAPID": "1SDA066802R1",
        "priceGroup": " ",
        "minOrderQuantity": "1",
        "deliveryUnit": "1",
        "orderQuantity": "1",
        "baseUnitOfMeasure": "ST",
        "configurationPrice": 0.0,
        "productHierarchy": "",
        "productHierarchyLso": "",
        "imageLso": "https://cdn.productimages.abb.com/9IBA248846_720x540.png",
        "stock": "NA",
        "salesOrganization": "2500",
        "descriptionDE": "XT1B 160 TMD 32-450 3p F F",
        "distributionChannel": "VI",
        "eAN": "8015644694463",
        "eNumber": "",
        "variants": "",
        "materialPricingGroup": "",
        "imageThumb": "https://cdn.productimages.abb.com/9IBA248846_720x540.png",
        "description": "XT1B 160 TMD 32-450 3p F F",
        "materialNameLso": "1SDA066802R1",
        "priceUnit": "1",
        "plant": "1000",
        "minOrdrQty": "1 Stk",
        "id": 58085
      },
      {
        "properties": [
          {
            "name": "MaterialDefinition",
            "value": "1SDA066803R1"
          },
          {
            "name": "material_name",
            "value": "TMAX_XT1"
          },
          {
            "name": "Tmax - Tmax XT",
            "value": "True"
          },
          {
            "name": "Tmax XT",
            "value": "True"
          },
          {
            "name": "BaseUnit",
            "value": "ST"
          },
          {
            "name": "MaterialGroup",
            "value": "880880"
          },
          {
            "name": "MaterialNameLso",
            "value": "1SDA066803R1"
          },
          {
            "name": "IncludedByreference",
            "value": "False"
          },
          {
            "name": "IsABBKMAT",
            "value": "False"
          },
          {
            "name": "Image",
            "value": "https://cdn.productimages.abb.com/9IBA248846_720x540.png"
          },
          {
            "name": "Stock",
            "value": "2"
          },
          {
            "name": "9AAC167301",
            "value": "True"
          },
          {
            "name": "EAN",
            "value": "8015644003302"
          },
          {
            "name": "UOM.CH",
            "value": "ST"
          },
          {
            "name": "DU.CH",
            "value": "1"
          },
          {
            "name": "MOQ.CH",
            "value": "1"
          },
          {
            "name": "PriceGroup.CH",
            "value": "68"
          },
          {
            "name": "Translation.DE",
            "value": "XT1B 160 TMD 40-450 3p F F"
          },
          {
            "name": "Translation.EN",
            "value": "XT1B 160 TMD 40-450 3p F F"
          },
          {
            "name": "Translation.FR",
            "value": "XT1B 160 TMD 40-450 3p F F"
          },
          {
            "name": "Translation.IT",
            "value": "XT1B 160 TMD 40-450 3p F F"
          },
          {
            "name": "SelectorName",
            "value": "Tmax XT"
          },
          {
            "name": "Description",
            "value": "XT1B 160 TMD 40-450 3p F F"
          }
        ],
        "assignments": [
          {
            "name": "Variants.TAGLIA",
            "value": "XT1",
            "isDefault": false
          },
          {
            "name": "Variants.VERS",
            "value": "B",
            "isDefault": false
          },
          {
            "name": "Variants.CORR_NOM",
            "value": "160",
            "isDefault": false
          },
          {
            "name": "Variants.ESEC",
            "value": "F",
            "isDefault": false
          },
          {
            "name": "Variants.TERM",
            "value": "F",
            "isDefault": false
          },
          {
            "name": "Variants.POL",
            "value": "3",
            "isDefault": false
          },
          {
            "name": "Variants.SGANC",
            "value": "TMD",
            "isDefault": false
          },
          {
            "name": "Variants.TARAT_SGANC",
            "value": "R40",
            "isDefault": false
          }
        ],
        "materialDefinition": "1SDA066803R1",
        "enableVariantMatching": "False",
        "imageLink":"https://encrypted-tbn0.gstatic.com/images?q=tbn:ANd9GcTi97cjqTSEalMJxqCt2dC7Jv2MxNuctLIn2A&usqp=CAU",
        "materialName": "TMAX_XT1",
        "generalItemCategoryGroup": "NORM",
        "baseUnit": "ST",
        "isConfigurable": false,
        "baseUnitLso": "ST",
        "name": "1SDA066803R1",
        "code": "1SDA066803R1",
        "listPrice": 0.0,
        "price": 453,
        "unitPrice": 0.0,
        "clistPrice": "",
        "productId": "1SDA066803R1",
        "sAPID": "1SDA066803R1",
        "priceGroup": " ",
        "minOrderQuantity": "1",
        "deliveryUnit": "1",
        "orderQuantity": "1",
        "baseUnitOfMeasure": "ST",
        "configurationPrice": 0.0,
        "productHierarchy": "",
        "productHierarchyLso": "",
        "imageLso": "https://cdn.productimages.abb.com/9IBA248846_720x540.png",
        "stock": "2",
        "salesOrganization": "2500",
        "descriptionDE": "XT1B 160 TMD 40-450 3p F F",
        "distributionChannel": "VI",
        "eAN": "8015644003302",
        "eNumber": "",
        "variants": "",
        "materialPricingGroup": "",
        "imageThumb": "https://cdn.productimages.abb.com/9IBA248846_720x540.png",
        "description": "XT1B 160 TMD 40-450 3p F F",
        "materialNameLso": "1SDA066803R1",
        "priceUnit": "1",
        "plant": "1000",
        "minOrdrQty": "1 Stk",
        "id": 58086
      },
      {
        "properties": [
          {
            "name": "MaterialDefinition",
            "value": "1SDA066804R1"
          },
          {
            "name": "material_name",
            "value": "TMAX_XT1"
          },
          {
            "name": "Tmax - Tmax XT",
            "value": "True"
          },
          {
            "name": "Tmax XT",
            "value": "True"
          },
          {
            "name": "BaseUnit",
            "value": "ST"
          },
          {
            "name": "MaterialGroup",
            "value": "880880"
          },
          {
            "name": "MaterialNameLso",
            "value": "1SDA066804R1"
          },
          {
            "name": "IncludedByreference",
            "value": "False"
          },
          {
            "name": "IsABBKMAT",
            "value": "False"
          },
          {
            "name": "Image",
            "value": "https://cdn.productimages.abb.com/9IBA248846_720x540.png"
          },
          {
            "name": "Stock",
            "value": "3"
          },
          {
            "name": "9AAC167301",
            "value": "True"
          },
          {
            "name": "EAN",
            "value": "8015644007119"
          },
          {
            "name": "UOM.CH",
            "value": "ST"
          },
          {
            "name": "DU.CH",
            "value": "1"
          },
          {
            "name": "MOQ.CH",
            "value": "1"
          },
          {
            "name": "PriceGroup.CH",
            "value": "68"
          },
          {
            "name": "Translation.DE",
            "value": "XT1B 160 TMD 50-500 3p F F"
          },
          {
            "name": "Translation.EN",
            "value": "XT1B 160 TMD 50-500 3p F F"
          },
          {
            "name": "Translation.FR",
            "value": "XT1B 160 TMD 50-500 3p F F"
          },
          {
            "name": "Translation.IT",
            "value": "XT1B 160 TMD 50-500 3p F F"
          },
          {
            "name": "SelectorName",
            "value": "Tmax XT"
          },
          {
            "name": "Description",
            "value": "XT1B 160 TMD 50-500 3p F F"
          }
        ],
        "assignments": [
          {
            "name": "Variants.TAGLIA",
            "value": "XT1",
            "isDefault": false
          },
          {
            "name": "Variants.VERS",
            "value": "B",
            "isDefault": false
          },
          {
            "name": "Variants.CORR_NOM",
            "value": "160",
            "isDefault": false
          },
          {
            "name": "Variants.ESEC",
            "value": "F",
            "isDefault": false
          },
          {
            "name": "Variants.TERM",
            "value": "F",
            "isDefault": false
          },
          {
            "name": "Variants.POL",
            "value": "3",
            "isDefault": false
          },
          {
            "name": "Variants.SGANC",
            "value": "TMD",
            "isDefault": false
          },
          {
            "name": "Variants.TARAT_SGANC",
            "value": "R50",
            "isDefault": false
          }
        ],
        "materialDefinition": "1SDA066804R1",
        "enableVariantMatching": "False",
        "imageLink":"https://encrypted-tbn0.gstatic.com/images?q=tbn:ANd9GcTi97cjqTSEalMJxqCt2dC7Jv2MxNuctLIn2A&usqp=CAU",
        "materialName": "TMAX_XT1",
        "generalItemCategoryGroup": "NORM",
        "baseUnit": "ST",
        "isConfigurable": false,
        "baseUnitLso": "ST",
        "name": "1SDA066804R1",
        "code": "1SDA066804R1",
        "listPrice": 0.0,
        "price": 453,
        "unitPrice": 0.0,
        "clistPrice": "",
        "productId": "1SDA066804R1",
        "sAPID": "1SDA066804R1",
        "priceGroup": " ",
        "minOrderQuantity": "1",
        "deliveryUnit": "1",
        "orderQuantity": "1",
        "baseUnitOfMeasure": "ST",
        "configurationPrice": 0.0,
        "productHierarchy": "",
        "productHierarchyLso": "",
        "imageLso": "https://cdn.productimages.abb.com/9IBA248846_720x540.png",
        "stock": "3",
        "salesOrganization": "2500",
        "descriptionDE": "XT1B 160 TMD 50-500 3p F F",
        "distributionChannel": "VI",
        "eAN": "8015644007119",
        "eNumber": "",
        "variants": "",
        "materialPricingGroup": "",
        "imageThumb": "https://cdn.productimages.abb.com/9IBA248846_720x540.png",
        "description": "XT1B 160 TMD 50-500 3p F F",
        "materialNameLso": "1SDA066804R1",
        "priceUnit": "1",
        "plant": "1000",
        "minOrdrQty": "1 Stk",
        "id": 58087
      },
      {
        "properties": [
          {
            "name": "MaterialDefinition",
            "value": "1SDA066805R1"
          },
          {
            "name": "material_name",
            "value": "TMAX_XT1"
          },
          {
            "name": "Tmax - Tmax XT",
            "value": "True"
          },
          {
            "name": "Tmax XT",
            "value": "True"
          },
          {
            "name": "BaseUnit",
            "value": "ST"
          },
          {
            "name": "MaterialGroup",
            "value": "880880"
          },
          {
            "name": "MaterialNameLso",
            "value": "1SDA066805R1"
          },
          {
            "name": "IncludedByreference",
            "value": "False"
          },
          {
            "name": "IsABBKMAT",
            "value": "False"
          },
          {
            "name": "Image",
            "value": "https://cdn.productimages.abb.com/9IBA248846_720x540.png"
          },
          {
            "name": "Stock",
            "value": "2"
          },
          {
            "name": "9AAC167301",
            "value": "True"
          },
          {
            "name": "EAN",
            "value": "8015644694470"
          },
          {
            "name": "UOM.CH",
            "value": "ST"
          },
          {
            "name": "DU.CH",
            "value": "1"
          },
          {
            "name": "MOQ.CH",
            "value": "1"
          },
          {
            "name": "PriceGroup.CH",
            "value": "68"
          },
          {
            "name": "Translation.DE",
            "value": "XT1B 160 TMD 63-630 3p F F"
          },
          {
            "name": "Translation.EN",
            "value": "XT1B 160 TMD 63-630 3p F F"
          },
          {
            "name": "Translation.FR",
            "value": "XT1B 160 TMD 63-630 3p F F"
          },
          {
            "name": "Translation.IT",
            "value": "XT1B 160 TMD 63-630 3p F F"
          },
          {
            "name": "SelectorName",
            "value": "Tmax XT"
          },
          {
            "name": "Description",
            "value": "XT1B 160 TMD 63-630 3p F F"
          }
        ],
        "assignments": [
          {
            "name": "Variants.TAGLIA",
            "value": "XT1",
            "isDefault": false
          },
          {
            "name": "Variants.VERS",
            "value": "B",
            "isDefault": false
          },
          {
            "name": "Variants.CORR_NOM",
            "value": "160",
            "isDefault": false
          },
          {
            "name": "Variants.ESEC",
            "value": "F",
            "isDefault": false
          },
          {
            "name": "Variants.TERM",
            "value": "F",
            "isDefault": false
          },
          {
            "name": "Variants.POL",
            "value": "3",
            "isDefault": false
          },
          {
            "name": "Variants.SGANC",
            "value": "TMD",
            "isDefault": false
          },
          {
            "name": "Variants.TARAT_SGANC",
            "value": "R63",
            "isDefault": false
          }
        ],
        "materialDefinition": "1SDA066805R1",
        "enableVariantMatching": "False",
        "imageLink":"https://encrypted-tbn0.gstatic.com/images?q=tbn:ANd9GcTi97cjqTSEalMJxqCt2dC7Jv2MxNuctLIn2A&usqp=CAU",
        "materialName": "TMAX_XT1",
        "generalItemCategoryGroup": "NORM",
        "baseUnit": "ST",
        "isConfigurable": false,
        "baseUnitLso": "ST",
        "name": "1SDA066805R1",
        "code": "1SDA066805R1",
        "listPrice": 0.0,
        "price": 453,
        "unitPrice": 0.0,
        "clistPrice": "",
        "productId": "1SDA066805R1",
        "sAPID": "1SDA066805R1",
        "priceGroup": " ",
        "minOrderQuantity": "1",
        "deliveryUnit": "1",
        "orderQuantity": "1",
        "baseUnitOfMeasure": "ST",
        "configurationPrice": 0.0,
        "productHierarchy": "",
        "productHierarchyLso": "",
        "imageLso": "https://cdn.productimages.abb.com/9IBA248846_720x540.png",
        "stock": "2",
        "salesOrganization": "2500",
        "descriptionDE": "XT1B 160 TMD 63-630 3p F F",
        "distributionChannel": "VI",
        "eAN": "8015644694470",
        "eNumber": "",
        "variants": "",
        "materialPricingGroup": "",
        "imageThumb": "https://cdn.productimages.abb.com/9IBA248846_720x540.png",
        "description": "XT1B 160 TMD 63-630 3p F F",
        "materialNameLso": "1SDA066805R1",
        "priceUnit": "1",
        "plant": "1000",
        "minOrdrQty": "1 Stk",
        "id": 58088
      },
      {
        "properties": [
          {
            "name": "MaterialDefinition",
            "value": "1SDA066806R1"
          },
          {
            "name": "material_name",
            "value": "TMAX_XT1"
          },
          {
            "name": "Tmax - Tmax XT",
            "value": "True"
          },
          {
            "name": "Tmax XT",
            "value": "True"
          },
          {
            "name": "BaseUnit",
            "value": "ST"
          },
          {
            "name": "MaterialGroup",
            "value": "880880"
          },
          {
            "name": "MaterialNameLso",
            "value": "1SDA066806R1"
          },
          {
            "name": "IncludedByreference",
            "value": "False"
          },
          {
            "name": "IsABBKMAT",
            "value": "False"
          },
          {
            "name": "Image",
            "value": "https://cdn.productimages.abb.com/9IBA248846_720x540.png"
          },
          {
            "name": "Stock",
            "value": "2"
          },
          {
            "name": "9AAC167301",
            "value": "True"
          },
          {
            "name": "EAN",
            "value": "8015644007133"
          },
          {
            "name": "UOM.CH",
            "value": "ST"
          },
          {
            "name": "DU.CH",
            "value": "1"
          },
          {
            "name": "MOQ.CH",
            "value": "1"
          },
          {
            "name": "PriceGroup.CH",
            "value": "68"
          },
          {
            "name": "Translation.DE",
            "value": "XT1B 160 TMD 80-800 3p F F"
          },
          {
            "name": "Translation.EN",
            "value": "XT1B 160 TMD 80-800 3p F F"
          },
          {
            "name": "Translation.FR",
            "value": "XT1B 160 TMD 80-800 3p F F"
          },
          {
            "name": "Translation.IT",
            "value": "XT1B 160 TMD 80-800 3p F F"
          },
          {
            "name": "SelectorName",
            "value": "Tmax XT"
          },
          {
            "name": "Description",
            "value": "XT1B 160 TMD 80-800 3p F F"
          }
        ],
        "assignments": [
          {
            "name": "Variants.TAGLIA",
            "value": "XT1",
            "isDefault": false
          },
          {
            "name": "Variants.VERS",
            "value": "B",
            "isDefault": false
          },
          {
            "name": "Variants.CORR_NOM",
            "value": "160",
            "isDefault": false
          },
          {
            "name": "Variants.ESEC",
            "value": "F",
            "isDefault": false
          },
          {
            "name": "Variants.TERM",
            "value": "F",
            "isDefault": false
          },
          {
            "name": "Variants.POL",
            "value": "3",
            "isDefault": false
          },
          {
            "name": "Variants.SGANC",
            "value": "TMD",
            "isDefault": false
          },
          {
            "name": "Variants.TARAT_SGANC",
            "value": "R80",
            "isDefault": false
          }
        ],
        "materialDefinition": "1SDA066806R1",
        "enableVariantMatching": "False",
        "imageLink":"https://encrypted-tbn0.gstatic.com/images?q=tbn:ANd9GcTi97cjqTSEalMJxqCt2dC7Jv2MxNuctLIn2A&usqp=CAU",
        "materialName": "TMAX_XT1",
        "generalItemCategoryGroup": "NORM",
        "baseUnit": "ST",
        "isConfigurable": false,
        "baseUnitLso": "ST",
        "name": "1SDA066806R1",
        "code": "1SDA066806R1",
        "listPrice": 0.0,
        "price": 453,
        "unitPrice": 0.0,
        "clistPrice": "",
        "productId": "1SDA066806R1",
        "sAPID": "1SDA066806R1",
        "priceGroup": " ",
        "minOrderQuantity": "1",
        "deliveryUnit": "1",
        "orderQuantity": "1",
        "baseUnitOfMeasure": "ST",
        "configurationPrice": 0.0,
        "productHierarchy": "",
        "productHierarchyLso": "",
        "imageLso": "https://cdn.productimages.abb.com/9IBA248846_720x540.png",
        "stock": "2",
        "salesOrganization": "2500",
        "descriptionDE": "XT1B 160 TMD 80-800 3p F F",
        "distributionChannel": "VI",
        "eAN": "8015644007133",
        "eNumber": "",
        "variants": "",
        "materialPricingGroup": "",
        "imageThumb": "https://cdn.productimages.abb.com/9IBA248846_720x540.png",
        "description": "XT1B 160 TMD 80-800 3p F F",
        "materialNameLso": "1SDA066806R1",
        "priceUnit": "1",
        "plant": "1000",
        "minOrdrQty": "1 Stk",
        "id": 58089
      },
      {
        "properties": [
          {
            "name": "MaterialDefinition",
            "value": "1SDA066807R1"
          },
          {
            "name": "material_name",
            "value": "TMAX_XT1"
          },
          {
            "name": "Tmax - Tmax XT",
            "value": "True"
          },
          {
            "name": "Tmax XT",
            "value": "True"
          },
          {
            "name": "BaseUnit",
            "value": "ST"
          },
          {
            "name": "MaterialGroup",
            "value": "880880"
          },
          {
            "name": "MaterialNameLso",
            "value": "1SDA066807R1"
          },
          {
            "name": "IncludedByreference",
            "value": "False"
          },
          {
            "name": "IsABBKMAT",
            "value": "False"
          },
          {
            "name": "Image",
            "value": "https://cdn.productimages.abb.com/9IBA248846_720x540.png"
          },
          {
            "name": "Stock",
            "value": "6"
          },
          {
            "name": "9AAC167301",
            "value": "True"
          },
          {
            "name": "EAN",
            "value": "8015644694487"
          },
          {
            "name": "UOM.CH",
            "value": "ST"
          },
          {
            "name": "DU.CH",
            "value": "1"
          },
          {
            "name": "MOQ.CH",
            "value": "1"
          },
          {
            "name": "PriceGroup.CH",
            "value": "68"
          },
          {
            "name": "Translation.DE",
            "value": "XT1B 160 TMD 100-1000 3p F F"
          },
          {
            "name": "Translation.EN",
            "value": "XT1B 160 TMD 100-1000 3p F F"
          },
          {
            "name": "Translation.FR",
            "value": "XT1B 160 TMD 100-1000 3p F F"
          },
          {
            "name": "Translation.IT",
            "value": "XT1B 160 TMD 100-1000 3p F F"
          },
          {
            "name": "SelectorName",
            "value": "Tmax XT"
          },
          {
            "name": "Description",
            "value": "XT1B 160 TMD 100-1000 3p F F"
          }
        ],
        "assignments": [
          {
            "name": "Variants.TAGLIA",
            "value": "XT1",
            "isDefault": false
          },
          {
            "name": "Variants.VERS",
            "value": "B",
            "isDefault": false
          },
          {
            "name": "Variants.CORR_NOM",
            "value": "160",
            "isDefault": false
          },
          {
            "name": "Variants.ESEC",
            "value": "F",
            "isDefault": false
          },
          {
            "name": "Variants.TERM",
            "value": "F",
            "isDefault": false
          },
          {
            "name": "Variants.POL",
            "value": "3",
            "isDefault": false
          },
          {
            "name": "Variants.SGANC",
            "value": "TMD",
            "isDefault": false
          },
          {
            "name": "Variants.TARAT_SGANC",
            "value": "R100",
            "isDefault": false
          }
        ],
        "materialDefinition": "1SDA066807R1",
        "enableVariantMatching": "False",
        "imageLink":"https://encrypted-tbn0.gstatic.com/images?q=tbn:ANd9GcTi97cjqTSEalMJxqCt2dC7Jv2MxNuctLIn2A&usqp=CAU",
        "materialName": "TMAX_XT1",
        "generalItemCategoryGroup": "NORM",
        "baseUnit": "ST",
        "isConfigurable": false,
        "baseUnitLso": "ST",
        "name": "1SDA066807R1",
        "code": "1SDA066807R1",
        "listPrice": 0.0,
        "price": 453,
        "unitPrice": 0.0,
        "clistPrice": "",
        "productId": "1SDA066807R1",
        "sAPID": "1SDA066807R1",
        "priceGroup": " ",
        "minOrderQuantity": "1",
        "deliveryUnit": "1",
        "orderQuantity": "1",
        "baseUnitOfMeasure": "ST",
        "configurationPrice": 0.0,
        "productHierarchy": "",
        "productHierarchyLso": "",
        "imageLso": "https://cdn.productimages.abb.com/9IBA248846_720x540.png",
        "stock": "6",
        "salesOrganization": "2500",
        "descriptionDE": "XT1B 160 TMD 100-1000 3p F F",
        "distributionChannel": "VI",
        "eAN": "8015644694487",
        "eNumber": "",
        "variants": "",
        "materialPricingGroup": "",
        "imageThumb": "https://cdn.productimages.abb.com/9IBA248846_720x540.png",
        "description": "XT1B 160 TMD 100-1000 3p F F",
        "materialNameLso": "1SDA066807R1",
        "priceUnit": "1",
        "plant": "1000",
        "minOrdrQty": "1 Stk",
        "id": 58090
      }
    ]