{  
    "id": "root",
    "name": "Electronics",
    "children":[{
        "name":"smartphones",
        "id":"ABC123456ASD",
        "description":"smartphones",
        "ShortDescription":"smartphones",
        "LongDescription":"smartphones",
        "image":"https://i0.wp.com/www.smartprix.com/bytes/wp-content/uploads/2022/03/SamsungGalaxyS21FE.jpg?ssl=1",
        "isParent":true,
        "isConfigurable":true,
        "isDirectConfig":true,
        "hasChildren":true,
        "parent":"root",
        "children":[]
    },
    {
        "name":"laptops",
        "id":"ABC123456ASD",
        "description":"laptops",
        "ShortDescription":"ProdShortDescription",
        "LongDescription":"ProdLongDescription",
        "image":"https://img.etimg.com/thumb/msid-49720864,width-640,resizemode-4/tech-life/diwali-gifts-6-best-laptops-under-rs-60000.jpg",
        "isParent":true,
        "isConfigurable":true,
        "isDirectConfig":true,
        "hasChildren":true,
        "children":[]
    }
]
}