[{
		"id": 1,
		"title": "iPhone 9",
		"description": "Apple iPhone 9(Blue,128GB)",
		"price": 549,
		"discountPercentage": 12.96,
		"rating": 4.69,
		"stock": 1,
		"simType":"Dual Sim",
		"networkType":"4G",
		"brand": "Apple",
		"internalStorage":"8GB",
		"category": "smartphones",
		"thumbnail": "https://i.dummyjson.com/data/products/1/thumbnail.jpg",
		"images": ["https://i.dummyjson.com/data/products/1/1.jpg", "https://i.dummyjson.com/data/products/1/2.jpg", "https://i.dummyjson.com/data/products/1/3.jpg", "https://i.dummyjson.com/data/products/1/4.jpg", "https://i.dummyjson.com/data/products/1/thumbnail.jpg"]
	}, {
		"id": 2,
		"title": "iPhone X",
		"description": "Apple Iphone X Model A19211 6.5-inch Super Retina HD display with OLED technology A12 Bionic chip",
		"price": 899,
		"discountPercentage": 17.94,
		"rating": 4.44,
		"stock": 1,
		"brand": "Apple",
		"networkType":"5G",
		"simType":"Dual Sim",
		"internalStorage":"6GB",
		"category": "smartphones",
		"thumbnail": "https://i.dummyjson.com/data/products/2/thumbnail.jpg",
		"images": ["https://i.dummyjson.com/data/products/2/1.jpg", "https://i.dummyjson.com/data/products/2/2.jpg", "https://i.dummyjson.com/data/products/2/3.jpg", "https://i.dummyjson.com/data/products/2/thumbnail.jpg"]
	}, {
		"id": 3,
		"title": "Samsung Universe 9",
		"description": "Samsung Universe 9  4G Dual Sim (64 GB)",
		"price": 1249,
		"discountPercentage": 15.46,
		"rating": 4.09,
		"stock": 1,
		"brand": "Samsung",
		"simType":"Dual Sim",
		"networkType":"4G",
		"internalStorage":"8GB",
		"category": "smartphones",
		"thumbnail": "https://i.dummyjson.com/data/products/3/thumbnail.jpg",
		"images": ["https://i.dummyjson.com/data/products/3/1.jpg"]
	}, {
		"id": 4,
		"title": "OPPOF19",
		"description": "OPPO F19 Dual Sim 5G 128 GB",
		"price": 280,
		"discountPercentage": 17.91,
		"rating": 4.3,
		"stock": 1,
		"brand": "OPPO",
		"simType":"Dual Sim",
		"internalStorage":"4GB",
		"networkType":"5G",
		"category": "smartphones",
		"thumbnail": "https://i.dummyjson.com/data/products/4/thumbnail.jpg",
		"images": ["https://i.dummyjson.com/data/products/4/1.jpg", "https://i.dummyjson.com/data/products/4/2.jpg", "https://i.dummyjson.com/data/products/4/3.jpg", "https://i.dummyjson.com/data/products/4/4.jpg", "https://i.dummyjson.com/data/products/4/thumbnail.jpg"]
	}, {
		"id": 5,
		"title": "Huawei P30",
		"description": "Huawei’s re-badged P30 Pro New Edition 4G Sigle Sim",
		"price": 499,
		"discountPercentage": 10.58,
		"rating": 4.09,
		"stock": 1,
		"simType":"Single Sim",
		"brand": "Huawei",
		"networkType":"4G",
		"internalStorage":"8GB",
		"category": "smartphones",
		"thumbnail": "https://i.dummyjson.com/data/products/5/thumbnail.jpg",
		"images": ["https://i.dummyjson.com/data/products/5/1.jpg", "https://i.dummyjson.com/data/products/5/2.jpg", "https://i.dummyjson.com/data/products/5/3.jpg"]
	}, {
		"id": 6,
		"title": "MacBook Pro",
		"description": "MacBook Pro 2021 with mini-LED display ",
		"price": 1749,
		"discountPercentage": 11.02,
		"rating": 4.57,
		"stock": 1,
		"brand": "APPle",
		"networkType":"4G",
		"simType":"Single Sim",
		"internalStorage":"8GB",
		"category": "laptops",
		"thumbnail": "https://i.dummyjson.com/data/products/6/thumbnail.png",
		"images": ["https://i.dummyjson.com/data/products/6/1.png", "https://i.dummyjson.com/data/products/6/2.jpg", "https://i.dummyjson.com/data/products/6/3.png", "https://i.dummyjson.com/data/products/6/4.jpg"]
	}, {
		"id": 7,
		"title": "Samsung Galaxy Book",
		"description": "Samsung Galaxy Book S (2020) Laptop With Intel Lakefield Chip, 8GB of RAM Launched",
		"price": 1499,
		"discountPercentage": 4.15,
		"rating": 4.25,
		"stock": 1,
		"brand": "Samsung",
		"internalStorage":"6GB",
		"category": "laptops",
		"thumbnail": "https://i.dummyjson.com/data/products/7/thumbnail.jpg",
		"images": ["https://i.dummyjson.com/data/products/7/1.jpg", "https://i.dummyjson.com/data/products/7/2.jpg", "https://i.dummyjson.com/data/products/7/3.jpg", "https://i.dummyjson.com/data/products/7/thumbnail.jpg"]
	}, {
		"id": 8,
		"title": "Microsoft Surface Laptop 4",
		"description": "Style and speed. Stand out on HD video calls backed by Studio Mics. Capture ideas on the vibrant touchscreen.",
		"price": 1499,
		"discountPercentage": 10.23,
		"rating": 4.43,
		"stock": 1,
		"brand": "Microsoft Surface",
		"internalStorage":"8GB",
		"category": "laptops",
		"thumbnail": "https://i.dummyjson.com/data/products/8/thumbnail.jpg",
		"images": ["https://i.dummyjson.com/data/products/8/1.jpg", "https://i.dummyjson.com/data/products/8/2.jpg", "https://i.dummyjson.com/data/products/8/3.jpg", "https://i.dummyjson.com/data/products/8/4.jpg", "https://i.dummyjson.com/data/products/8/thumbnail.jpg"]
	}, {
		"id": 9,
		"title": "Infinix INBOOK",
		"description": "Infinix Inbook X1 Ci3 10th 8GB 256GB 14 Win10 Grey – 1 Year Warranty",
		"price": 1099,
		"discountPercentage": 11.83,
		"rating": 4.54,
		"stock": 1,
		"brand": "Infinix",
		"internalStorage":"4GB",
		"category": "laptops",
		"thumbnail": "https://i.dummyjson.com/data/products/9/thumbnail.jpg",
		"images": ["https://i.dummyjson.com/data/products/9/1.jpg", "https://i.dummyjson.com/data/products/9/2.png", "https://i.dummyjson.com/data/products/9/3.png", "https://i.dummyjson.com/data/products/9/4.jpg", "https://i.dummyjson.com/data/products/9/thumbnail.jpg"]
	}, {
		"id": 10,
		"title": "HP Pavilion 15-DK1056WM",
		"description": "HP Pavilion 15-DK1056WM Gaming Laptop 10th Gen Core i5, 8GB, 256GB SSD, GTX 1650 4GB, Windows 10",
		"price": 1099,
		"discountPercentage": 6.18,
		"rating": 4.43,
		"stock": 1,
		"brand": "HP Pavilion",
		"internalStorage":"8GB",
		"category": "laptops",
		"thumbnail": "https://i.dummyjson.com/data/products/10/thumbnail.jpeg",
		"images": ["https://i.dummyjson.com/data/products/10/1.jpg", "https://i.dummyjson.com/data/products/10/2.jpg", "https://i.dummyjson.com/data/products/10/3.jpg", "https://i.dummyjson.com/data/products/10/thumbnail.jpeg"]
	}
]