[

    {
        "name":"Brand",
        "label":"Brand",
        "value":"Brand",
        "selectedValue":"",
        "type":"dropdown",
        "options":[
            {
                "name":"",
                "label":"",
                "value":"select"
            },
            {
                "name":"Apple",
                "label":"Apple",
                "value":"Apple"
            },
            {
                "name":"Samsung",
                "label":"Samsung",
                "value":"Samsung"
            },
            {
                "name":"OPPO",
                "label":"OPPO",
                "value":"OPPO"
            },
            {
                "name":"Huawei",
                "label":"Huawei",
                "value":"Huawei"
            }
        ]
    },
  
    {
        "name":"Internal Storage",
        "label":"Internal Storage",
        "value":"Internal Storage",
        "selectedValue":[],
        "type":"dropdown",
        "options":[
            {
                "name":"",
                "label":"",
                "value":"select"
            },
            {
                "name":"3 GB",
                "label":"3 GB",
                "value":"3 GB"
            },
            {
                "name":"4 GB",
                "label":"4 GB",
                "value":"4 GB"
            },
            {
                "name":"6 GB",
                "label":"6 GB",
                "value":"6 GB"
            },
            {
                "name":"8 GB",
                "label":"8 GB",
                "value":"8 GB"
            }
        ]
    },
    {
        "name":"Network Type",
        "label":"Network Type",
        "value":"Network Type",
        "type":"textbox",
        "selectedValue":"",
        "options":[
            {
                "name":"",
                "label":"",
                "value":"select"
            },
            {
                "name":"2G",
                "label":"2G",
                "value":"2G"
            },
            {
                "name":"3G",
                "label":"3G",
                "value":"3G"
            },
            {
                "name":"4G",
                "label":"4G",
                "value":"4G"
            },
            {
                "name":"5G",
                "label":"5G",
                "value":"5G"
            }
        ]
    },
    {
        "name":"Price Range",
        "label":"Price Range",
        "value":"Price Range",
        "selectedValue":0,
        "type":"range",
        "options":[
            {
                "name":"",
                "label":"",
                "value":"select"
            },
            {
                "name":"Fixed",
                "label":"Fixed",
                "value":"Fixed"
            },
            {
                "name":"FRONT CABLE",
                "label":"FRONT CABLE",
                "value":"FRONT CABLE"
            }
        ]
    },
    {
        "name":"Sim Type",
        "label":"Sim Type",
        "value":"Sim Type",
        "selectedValue":"",
        "type":"radio",
        "options":[
            {
                "name":"Dual Sim",
                "label":"Dual Sim",
                "value":"Dual Sim"
            },
            {
                "name":"Single Sim",
                "label":"Single Sim",
                "value":"Single Sim"
            }
        ]
    },
    {
        "name":"Screen Size",
        "label":"Internal Storage",
        "value":"Internal Storage",
        "selectedValue":[],
        "type":"dropdown",
        "options":[
            {
                "name":"",
                "label":"",
                "value":"select"
            },
            {
                "name":"5.7-5.9Inch",
                "label":"5.7-5.9Inch",
                "value":"5.7-5.9Inch"
            },
            {
                "name":"5.3-5.6Inch",
                "label":"5.3.6Inch",
                "value":"5-3.6Inch"
            },
            {
                "name":"5.2-5.4Inch",
                "label":"5.2-5.4Inch",
                "value":"5.2-5.4Inch"
            }
        ]
    },
    {
        "name":"Network Type",
        "label":"Network Type",
        "value":"Network Type",
        "type":"radio",
        "selectedValue":"",
        "options":[
            {
                "name":"3G",
                "label":"3G",
                "value":"3G"
            },
            {
                "name":"4G",
                "label":"4G",
                "value":"4G"
            },
            {
                "name":"5G",
                "label":"5G",
                "value":"5G"
            }
        ]
    },
    {
        "name":"Battery Capacity",
        "label":"Battery Capacity",
        "value":"Battery Capacity",
        "selectedValue":"",
        "type":"dropdown",
        "options":[
            {
                "name":"",
                "label":"",
                "value":"select"
            },
            {
                "name":"1000-2000 mAH",
                "label":"1000-2000 mAH",
                "value":"1000-2000 mAH"
            },
            {
                "name":"2000-4000 mAH",
                "label":"2000-4000 mAH",
                "value":"2000-4000 mAH"
            },
            {
                "name":"4000-6000 mAH",
                "label":"4000-6000 mAH",
                "value":"4000-6000 mAH"
            }
        ]
    }
  
]