{
    "User":{
    "Name":"Balasubramaniyan S",
    "First Name":"Balasubramaniyan",
    "Last Name":"Sudalai kannu",
    "Email":"ssbala@cognizant.com",
    "UserName":"Balasubramaniyan",
    "Country":"India"
   },
   "Owner":{
    "Company Name":"Cognizant Technologies Ltd",
    "Company Address":"Chennai Cognizant Kits Campus ,Software Development Block (SDB)-3 ,6th floor,Plot No. 1, ELCOT IT/ ITES-SEZ ,Sholinganallur,\n Kanchipuram District ,Chennai 600 119 Tamil Nadu ",
    "Email Address":"abcde1234@gmail.com",
    "Quote Number":"75432533",
    "Date":"01/03/2023"
   },
   "Client":{
    "Customer Name":"Cognizant Technologies Ltd",
    "Address":"Chennai Cognizant Kits Campus ,Software Development Block (SDB)-3 ,6th floor,Plot No. 1, ELCOT IT/ ITES-SEZ ,Sholinganallur,\n Kanchipuram District ,Chennai 600 119 Tamil Nadu ",
    "Contact Number No":"97543XXXXX",
    "Email Address":"abcde1234@gmail.com",
    "Issue Date":"75432533",
    "Expiry Date":"Electrical Ltd"
   },
   "QuoteName":"Balasubramaniyan"
}